{
    "version": "0.0.1",
    "code": "ALG_QRAO",
    "name": "Quantum random access optimization",
    "description": "Quantum random access optimization (QRAO) is a quantum method for combinatorial optimization problems.",
    "tags": ["Optimization"],
    "categories": ["Advanced algorithms"],
    "related_assets": ["ALGD_CSSO"],
    "status": "FIRST_DRAFT",
    "spotlight": "False",
    "item_is_downloadable": "False",
    "links": [
    {
      "type": "Source code repository",
      "url": "https://github.com/qiskit-community/prototype-qrao",
      "title": "Open in GitHub"
    }
  ]
  }
