{
    "version": "0.0.1",
    "code": "REF_ARH_VRP",
    "name": "Vehicle Routing Problem - Reference Architecture",
    "description": "Explore a reference architecture for solving the vehicle routing problem with a quantum-classical approach built and executed using Qiskit Runtime. This framework can be used as a template to design larger applications with quantum algorithms and resources.",
    "tags": [],
    "categories": ["Reference architecture"],
    "related_assets": [],
    "status": "FIRST_DRAFT",
    "spotlight": "False",
    "spotlight_index": 0,
    "content_items":[
      {"type":"DOCUMENT", "path":"VRP_Reference_Architecture.pdf"}
    ]
  }
