{
  "version": "0.0.1",
  "code": "ALG_QKTT",
  "name": "Quantum kernel training toolkit",
  "description": "Quantum kernel estimation provides a similarity measure, which is a core component of many quantum machine learning models.",
  "tags": ["Machine learning"],
  "categories": ["Advanced algorithms"],
  "related_assets": ["ALGD_CCFD", "ALGD_IPP"],
  "status": "FIRST_DRAFT",
  "spotlight": "False",
  "item_is_downloadable": "False",
    "links": [
    {
      "type": "Source code repository",
      "url": "https://github.com/qiskit-community/prototype-quantum-kernel-training",
      "title": "Open in GitHub"
    }
  ]
}
