Section,Subsection,,,
Get started,,,,
,Learning expectations,,,
,Introduction,,,
Classical machine learning algorithms,,,,
,Overview,,,
,Support vector machines,,,
,Classical neural networks part 1,,,
,Classical neural networks part 2,,,
Feature maps and variational circuits,,,,
,Overview,,,
,Data encoding,,,
,Feature maps,,,
,Variational circuits part 1,,,
,Variational circuits part 2,,,
Quantum-enhanced kernel algorithms,,,,
,Overview of quantum-enhanced kernel algorithms,,,
,Overview of quantum kernel calculation,,,
,Transition amplitude,,,
,SWAP test,,,
,Comparison conclusion,,,
,Quantum kernel calculation with Qiskit Runtime,,,
,Quantum kernel estimation for classical algorithms,,,
,Agglomerative clustering,,,
,Support vectors,,,
,Ridge regression,,,
,Gaussian processes,,,
,Principal component analysis,,,
,Automated model selection: Hyperparameter search,,,
,Use case: Fraud detection,,,
Quantum neural networks,,,,
,Overview,,,
,Quantum neural networks,,,
,Quantum neural network architectures,,,
,Create a quantum neural network,,,
,Generative adversarial networks,,,
,Use case: quantum generative adversarial networks for learning and loading probability distributions,,,
Industry problem example,,,,
,Overview,,,
,Forecasting with quantum support vector regression,,,
Reflection,,,,
,Course feedback,,,