{
  "version": "0.0.1",
  "code": "EDU_WP_OPTIMIZATION",
  "name": "Survey of quantum optimization algorithms",
  "description": "Explore a survey of recently developed quantum algorithms that have been applied to hard optimization problems, including variational schemes for near-term quantum computers and approaches geared toward fault-tolerant hardware that could speed up NP-complete problem solutions.",
  "tags": ["Optimization"],
  "categories": ["Essentials"],
  "content_items": [
    {
      "type": "WHITEPAPER",
      "path": "White_paper.pdf"
    }
  ],
  "related_assets": [],
  "status": "FIRST_DRAFT",
  "spotlight": "False"
}
