{
  "version": "0.0.1",
  "code": "ALG_EF",
  "name": "Entanglement forging",
  "description": "Simulate chemical and physical systems using a variational quantum eigensolver (VQE) enhanced by entanglement forging.",
  "tags": ["Chemistry"],
  "categories": ["Advanced algorithms"],
  "related_assets": ["ALGD_QS2DM"],
  "status": "FIRST_DRAFT",
  "spotlight": "False",
  "item_is_downloadable": "False",
  "links": [
    {
      "type": "Source code repository",
      "url": "https://github.com/qiskit-community/prototype-entanglement-forging",
      "title": "Open in GitHub"
    }
  ]
}
