{
    "version": "0.0.1",
    "code": "ART_Q4CPCT",
    "name": "The Coherence Times: Q4 2022 edition",
    "description": "The fourth-quarter IBM Quantum Network newsletter recaps 2022 IBM Quantum Summit announcements and explains what they mean for you.",
    "tags": [],
    "categories": ["Insights"],
    "related_assets": [],
    "status": "FIRST_DRAFT",
    "spotlight": "False",
    "spotlight_index": 0,
    "content_items":[
      {"type":"DOCUMENT", "path":"CoherenceTimes-Network-Digital_Issue03_2022Q4-1.pdf"}
    ]
  }
