{
  "version": "0.0.1",
  "code": "ALGD_QS2DM",
  "name": "2D materials simulation",
  "description": "Use variational quantum eigensolver (VQE) to simulate the electron displacement in fermion lattice models found in transition metal dichalcogenides (TMDs), a class of two-dimensional materials that shows promise for use in nano-scale semiconductor chip design.",
  "tags": ["Chemistry","Electronics"],
  "categories": ["Technical prototype"],
  "related_assets": ["ALG_EF"],
  "status": "FIRST_DRAFT",
  "spotlight": "False"
}
