{
  "version": "0.0.1",
  "code": "EDU_WP_LINEAR_ALGEBRA",
  "name": "Survey of quantum numerical simulation algorithms",
  "description": "Review a survey of prominent variational and non-variational quantum algorithms for solving systems of differential equations, with technical descriptions of the basic subroutines underlying these algorithms. The discussion addresses both near-term applications and theoretical applications whose recent results indicate promising empirical scaling.",
  "tags": ["Linear algebra"],
  "categories": ["Essentials"],
  "content_items": [
    {
      "type": "WHITEPAPER",
      "path": "White_paper.pdf"
    }
  ],
  "related_assets": [],
  "status": "FIRST_DRAFT",
  "spotlight": "False"
}
