{
  "version": "0.0.1",
  "code": "EDU_WP_QML",
  "name": "Survey of quantum machine learning algorithms ",
  "description": "Discover the current progress and future direction of quantum algorithms for machine learning and quantum-enhanced machine learning methods, including quantum kernel-based algorithms, quantum neural networks, quantum reservoir computing, and more.",
  "tags": ["Machine learning"],
  "categories": ["Essentials"],
  "content_items": [
    {
      "type": "WHITEPAPER",
      "path": "White_paper.pdf"
    }
  ],
  "related_assets": [],
  "status": "FIRST_DRAFT",
  "spotlight": "False"
}
