{
  "version": "0.0.1",
  "code": "EDU_WP_CHEMISTRY",
  "name": "Survey of quantum chemistry simulation algorithms",
  "description": "Review a survey of quantum algorithms and protocols for simulating many-body chemical systems, with attention given to near-term applications and theoretical applications for fault-tolerant hardware that could enable exponential scaling.",
  "tags": ["Chemistry"],
  "categories": ["Essentials"],
  "content_items": [
    {
      "type": "WHITEPAPER",
      "path": "White_paper.pdf"
    }
  ],
  "related_assets": [],
  "status": "FIRST_DRAFT",
  "spotlight": "False"
}
