{
    "version": "0.0.1",
    "code": "ART_Q123CT",
    "name": "The Coherence Times: Q1 2023 edition",
    "description": "The latest IBM Quantum Network newsletter highlights the importance of integrations to making useful quantum computing a reality.",
    "tags": [],
    "categories": ["Insights"],
    "related_assets": [],
    "status": "FIRST_DRAFT",
    "spotlight": "False",
    "spotlight_index": 0,
    "content_items":[
      {"type":"DOCUMENT", "path":"CoherenceTimes-Network-Digital_Issue#4_2023Q1-1.pdf"}
    ]
  }
