{
    "version": "0.0.1",
    "code": "ART_Q2CT23",
    "name": "The Coherence Times: Q2 2023 edition",
    "description": "The Q2 2023 IBM Quantum Network newsletter marks our transition into new phases of quantum utility and quantum-safe cryptography and explains what this means for our clients.",
    "tags": [],
    "categories": ["Insights"],
    "related_assets": [],
    "status": "FIRST_DRAFT",
    "spotlight": "False",
    "spotlight_index": 0,
    "content_items":[
      {"type":"DOCUMENT", "path":"CoherenceTimes-Network-Digital_Issue05_2023Q2.pdf"}
    ]
  }
