{
    "version": "0.0.1",
    "code": "ALG_MLQAE",
    "name": "Maximum likelihood quantum amplitude estimation",
    "description": "Maximum likelihood quantum amplitude estimation (MLQAE) replaces phase estimation with maximum likelihood estimation, an approach that offers a cost reduction compared with conventional quantum amplitude estimation.",
    "tags": ["Linear algebra"],
    "categories": ["Advanced algorithms"],
    "related_assets": [],
    "status": "FIRST_DRAFT",
    "spotlight": "False"
  }
