{
  "version": "0.0.1",
  "code": "ALGD_EVSSS",
  "name": "Virus spread simulation",
  "description": "Perform an epidemic simulation using quantum Carleman linearization, a technique that combines classical Carleman linearization and quantum HHL to solve a nonlinear dissipative system of differential equations.",
  "tags": ["Linear algebra", "Healthcare & life sciences"],
  "categories": ["Technical prototype"],
  "related_assets": ["ALGO_HHL"],
  "status": "FIRST_DRAFT",
  "spotlight": "False"
}
